il_kod,ilce,lat,lon
1,ALADAĞ(KARSANTI),37.54637900,35.40296200
1,CEYHAN,37.03170000,35.82275000
1,ÇUKUROVA,37.00000000,35.32133330
1,FEKE,37.81991810,35.91248350
1,İMAMOĞLU,37.25875100,35.67284000
1,KARAİSALI,37.25201000,35.06329000
1,KARATAŞ,36.56337600,35.38438800
1,KOZAN,37.45000000,35.80000000
1,POZANTI,37.42777780,34.87111110
1,SAİMBEYLİ,37.98818270,36.09205840
1,SARIÇAM,37.00000000,35.32133330
1,SEYHAN,37.00000000,35.32133330
1,TUFANBEYLİ,38.26464170,36.22239850
1,YUMURTALIK,36.76666670,35.78333330
1,YÜREĞİR,37.00000000,35.32133330
2,ADIYAMAN,37.76416670,38.27616670
2,BESNİ,37.69294330,37.85918950
2,ÇELİKHAN,38.03333330,38.25000000
2,GERGER,38.02888890,39.03222220
2,GÖLBAŞI,37.78388890,37.64444440
2,KAHTA,37.78333330,38.61666670
2,SAMSAT,37.57928870,38.48236400
2,SİNCİK,38.03805560,38.61583330
2,TUT,37.79666670,37.91500000
3,AFYON,38.76376000,30.54034000
3,BAŞMAKÇI,37.89596750,30.01162710
3,BAYAT,38.98708000,30.91984900
3,BOLVADİN,38.71666670,31.05000000
3,ÇAY,38.59319330,31.02490930
3,ÇOBANLAR,38.70000000,30.78333300
3,DAZKIRI,37.91666670,29.86666670
3,DİNAR,38.06666670,30.16666670
3,EMİRDAĞ,39.02603900,31.15345000
3,EVCİLER,38.04308300,29.88309400
3,HOCALAR,38.58337000,29.97207100
3,İHSANİYE,39.03333330,30.41666670
3,İSCEHİSAR,38.86666670,30.75000000
3,KIZILÖREN,37.96290310,29.80194980
3,SANDIKLI,38.46538900,30.27024100
3,SİNCANLI(SİNANPAŞA),38.74379600,30.24406090
3,SULTANDAĞI,38.53333330,31.23333330
3,ŞUHUT,38.53333330,30.55000000
4,AĞRI,39.72166670,43.05666670
4,DİYADİN,39.54000000,43.67722220
4,DOĞUBAYAZIT(DOĞUBEYAZIT),39.54800000,44.08333300
4,ELEŞKİRT,39.79716100,42.68711100
4,HAMUR,39.61027780,42.99250000
4,PATNOS,39.23333330,42.86666670
4,TAŞLIÇAY,39.63438270,43.37676610
4,TUTAK,39.54222220,42.77166670
5,AMASYA,40.65000000,35.83333330
5,GÖYNÜCEK,40.39786900,35.52615000
5,GÜMÜŞHACIKÖY,40.87064000,35.21757900
5,HAMAMÖZÜ,40.78347000,35.02228900
5,MERZİFON,40.87485900,35.45974000
5,SULUOVA,40.83333330,35.65000000
5,TAŞOVA,40.76198730,36.32264710
6,AKYURT,40.13333330,33.08333330
6,ALTINDAĞ,39.92077000,32.85411000
6,AYAŞ,40.02175100,32.34095000
6,BALA,39.55388890,33.12111110
6,BEYPAZARI,40.16750000,31.92111110
6,ÇAMLIDERE,40.48735000,32.47269010
6,ÇANKAYA,39.84518420,32.92122650
6,ÇUBUK,40.23861110,33.03305560
6,ELMADAĞ,39.92083330,33.23083330
6,ETİMESGUT,39.94583330,32.66944440
6,EVREN,39.02905060,33.81042220
6,GÖLBAŞI,39.92077000,32.85411000
6,GÜDÜL,40.21111110,32.24277780
6,HAYMANA,39.43606900,32.49663900
6,KALECİK,40.09722220,33.40833330
6,KAZAN,40.23166670,32.68388890
6,KEÇİÖREN,40.02106230,32.83101500
6,KIZILCAHAMAM,40.46972220,32.65055560
6,MAMAK,39.89004360,33.01135680
6,NALLIHAN,40.19160100,31.35994900
6,POLATLI,39.58416670,32.14722220
6,PURSAKLAR,40.04884180,32.89531870
6,SİNCAN,39.96675100,32.58422900
6,ŞEREFLİKOÇHİSAR,38.93951000,33.55246000
6,YENİMAHALLE,39.99042890,32.69554700
7,AKSEKİ,37.05152900,31.78381000
7,AKSU,36.94668050,30.83984500
7,ALANYA,36.56013900,32.00212100
7,DEMRE(KALE),36.24944100,29.95007900
7,DÖŞEMEALTI,37.02292920,30.59841430
7,ELMALI,36.73730790,29.91911940
7,FİNİKE,36.30082670,30.14449600
7,GAZİPAŞA,36.27090200,32.31358620
7,GÜNDOĞMUŞ,36.81119400,32.00133630
7,İBRADI(AYDINKENT),37.09265100,31.58786000
7,KAŞ,36.20444100,29.63898100
7,KEMER,36.59238100,30.54771000
7,KEPEZ,36.88414000,30.70563000
7,KONYAALTI,36.88414000,30.70563000
7,KORKUTELİ,37.06666670,30.20000000
7,KUMLUCA,36.36283100,30.28642100
7,MANAVGAT,36.79008100,31.46286000
7,MURATPAŞA,36.88275940,30.76947600
7,SERİK,36.92182200,31.10127100
8,ARDANUÇ,41.12860000,42.05920000
8,ARHAVİ,41.35209760,41.31158460
8,ARTVİN,41.18333330,41.81666670
8,BORÇKA,41.36250000,41.68000000
8,HOPA,41.38671900,41.43701800
8,MURGUL(GÖKTAŞ),41.25000000,41.65000000
8,ŞAVŞAT,41.24190000,42.36440000
8,YUSUFELİ,40.82538710,41.54861630
9,AYDIN,37.84440000,27.84580000
9,BOZDOĞAN,37.67030000,28.30970000
9,BUHARKENT(ÇUBUKDAĞI),37.97021100,28.74721900
9,ÇİNE,37.61170000,28.06140000
9,DİDİM(YENİHİSAR),37.37560000,27.26780000
9,GERMENCİK,37.87207000,27.60181000
9,İNCİRLİOVA,37.85220000,27.72360000
9,KARACASU,37.72964100,28.60634000
9,KARPUZLU,37.55860000,27.83360000
9,KOÇARLI,37.76174900,27.70397000
9,KÖŞK,37.85330000,28.05170000
9,KUŞADASI,37.86000000,27.26000000
9,KUYUCAK,37.91530000,28.45920000
9,NAZİLLİ,37.91041900,28.32025900
9,SÖKE,37.75608100,27.40393100
9,SULTANHİSAR,37.88970000,28.15750000
9,YENİPAZAR,37.82976900,28.19549000
10,AYVALIK,39.31780030,26.69807420
10,BALIKESİR,39.64836900,27.88261000
10,BALYA,39.75000000,27.58333330
10,BANDIRMA,40.35946000,27.97922700
10,BİGADİÇ,39.39250000,28.13111110
10,BURHANİYE,39.50693100,26.97781900
10,DURSUNBEY,39.58777780,28.62750000
10,EDREMİT,39.59901000,27.02207900
10,ERDEK,40.40305200,27.79609800
10,GÖMEÇ,39.39111110,26.84000000
10,GÖNEN,40.10332900,27.65575000
10,HAVRAN,39.55833330,27.09833330
10,İVRİNDİ,39.58333330,27.48333330
10,KEPSUT,39.68888890,28.15222220
10,MANYAS,40.04638890,27.97000000
10,MARMARA,40.58750000,27.55527780
10,SAVAŞTEPE,39.38388890,27.65472220
10,SINDIRGI,39.24000000,28.17500000
10,SUSURLUK,39.91886900,28.15710100
11,BİLECİK,40.15013100,29.98306100
11,BOZÜYÜK,39.90777780,30.03666670
11,GÖLPAZARI,40.28472220,30.31722220
11,İNHİSAR,40.05349000,30.39068000
11,OSMANELİ,40.35931030,30.01162710
11,PAZARYERİ,39.99648740,29.90755160
11,SÖĞÜT,40.01861110,30.18138890
11,YENİPAZAR,40.17833330,30.52000000
12,ADAKLI,39.22817760,40.48339550
12,BİNGÖL,38.88534900,40.49829100
12,GENÇ,38.75305560,40.56666670
12,KARLIOVA,39.29777380,41.01251340
12,KİĞI,39.31666670,40.35000000
12,SOLHAN,38.96898560,41.05238810
12,YAYLADERE,39.22444440,40.07250000
12,YEDİSU,39.43333330,40.55000000
13,ADİLCEVAZ,38.80666710,42.73463770
13,AHLAT,38.75277780,42.49444440
13,BİTLİS,38.40000000,42.11666670
13,GÜROYMAK,38.57538710,42.01747170
13,HİZAN,38.22470190,42.42527970
13,MUTKİ,38.41023860,41.91849570
13,TATVAN,38.50222220,42.28138890
14,BOLU,40.73947900,31.61156100
14,DÖRTDİVAN,40.71666670,32.06666670
14,GEREDE,40.80055560,32.19861110
14,GÖYNÜK,40.40038410,30.78384030
14,KIBRISCIK,40.40868150,31.84721230
14,MENGEN,40.93743850,32.07628810
14,MUDURNU,40.46666670,31.21666670
14,SEBEN,40.40907190,31.57410360
14,YENİÇAĞA,40.77240780,32.03582830
15,AĞLASUN,37.65771600,30.53234200
15,ALTINYAYLA(DİRMİL),36.99863100,29.54598000
15,BUCAK,37.45684100,30.58188100
15,BURDUR,37.72690900,30.28887600
15,ÇAVDIR,37.15500000,29.69388890
15,ÇELTİKÇİ,37.53444440,30.48444440
15,GÖLHİSAR,37.14443700,29.50787050
15,KARAMANLI,37.37000000,29.82100000
15,KEMER,37.35200000,30.06300000
15,TEFENNİ,37.31098400,29.77445120
15,YEŞİLOVA,37.50805560,29.75472220
16,BÜYÜKORHAN,39.77103970,28.88589400
16,GEMLİK,40.43305560,29.15666670
16,GÜRSU,40.24096780,29.20883030
16,HARMANCIK,39.67611110,29.15527780
16,İNEGÖL,40.08333330,29.51666670
16,İZNİK,40.42896280,29.71654170
16,KARACABEY,40.22549800,28.37273000
16,KELES,39.91361110,29.22944440
16,KESTEL,40.19561050,29.21173650
16,MUDANYA,40.37638890,28.88333330
16,MUSTAFAKEMALPAŞA,40.03530000,28.41170000
16,NİLÜFER,40.18257000,29.06687000
16,ORHANELİ,39.90671900,28.98862100
16,ORHANGAZİ,40.50112900,29.31068000
16,OSMANGAZİ,40.18257000,29.06687000
16,YENİŞEHİR,40.26444440,29.65305560
16,YILDIRIM,40.32984420,29.55861740
17,AYVACIK,39.60111110,26.40472220
17,BAYRAMİÇ,40.70383550,26.91017360
17,BİGA,40.23407000,27.24572000
17,BOZCAADA,39.82306430,26.03252260
17,ÇAN,40.02750000,27.04750000
17,ÇANAKKALE,40.15531200,26.41416000
17,ECEABAT,40.18388890,26.35638890
17,EZİNE,39.78324990,26.34117930
17,GELİBOLU,40.41744700,26.67743500
17,GÖKÇEADA(İMROZ),40.19702900,25.91795900
17,LAPSEKİ,40.35299000,26.69954780
17,YENİCE,39.92829100,27.26038000
18,ATKARACALAR,40.81666670,33.08333330
18,BAYRAMÖREN,40.94195680,33.20413740
18,ÇANKIRI,40.60000000,33.61666670
18,ÇERKEŞ,40.81666670,32.90000000
18,ELDİVAN,40.53333330,33.50000000
18,ILGAZ,40.92614520,33.62896150
18,KIZILIRMAK,40.35000000,33.98333330
18,KORGUN,40.73333330,33.51666670
18,KURŞUNLU,40.83968350,33.25775470
18,ORTA,40.62406840,33.11162340
18,ŞABANÖZÜ,40.48333330,33.28333330
18,YAPRAKLI,40.76335100,33.77769900
19,ALACA,40.17366000,34.84423800
19,BAYAT,40.64600000,34.26100000
19,BOĞAZKALE,40.02775820,34.61675890
19,ÇORUM,40.55055560,34.95555560
19,DODURGA,40.85700160,34.80835200
19,İSKİLİP,40.74123000,34.47082900
19,KARGI,41.13440000,34.48720000
19,LAÇİN,40.76934310,34.89689600
19,MECİTÖZÜ,40.52000000,35.29527780
19,OĞUZLAR(KARAÖREN),40.55055560,34.95555560
19,ORTAKÖY,40.27333560,35.24903120
19,OSMANCIK,40.97406000,34.80215800
19,SUNGURLU,40.16100000,34.37700000
19,UĞURLUDAĞ,40.44750400,34.45472130
20,ACIPAYAM,37.43333330,29.35000000
20,AKKÖY,37.95580000,29.07860000
20,BABADAĞ,37.80877990,28.85676750
20,BAKLAN,37.97950050,29.60644790
20,BEKİLLİ,38.23194440,29.42166670
20,BEYAĞAÇ,37.22219310,28.90919140
20,BOZKURT,37.82442230,29.60644790
20,BULDAN,38.05287200,28.83149900
20,ÇAL,38.08443380,29.39616470
20,ÇAMELİ,37.07083070,29.34536110
20,ÇARDAK,37.82465530,29.67599080
20,ÇİVRİL,38.29988070,29.73970840
20,DENİZLİ,37.77652000,29.08639000
20,GÜNEY,38.15956900,29.06777000
20,HONAZ,37.75764270,29.26403870
20,KALE,37.43916670,28.84527780
20,SARAYKÖY,37.92645270,28.92666210
20,SERİNHİSAR,37.58066450,29.26984890
20,TAVAS,37.59108000,29.06315000
21,BAĞLAR,37.91441000,40.23062900
21,BİSMİL,37.84520000,40.67561000
21,ÇERMİK,38.13722220,39.45111110
21,ÇINAR,37.72416670,40.41500000
21,ÇÜNGÜŞ,38.21666670,39.28333330
21,DİCLE,38.37500000,40.07333330
21,EĞİL,38.25661230,40.08366620
21,ERGANİ,38.26666670,39.76666670
21,HANİ,38.41361110,40.39250000
21,HAZRO,38.25000000,40.78333330
21,KAYAPINAR,37.91441000,40.23062900
21,KOCAKÖY,38.28972220,40.50138890
21,KULP,38.50166670,41.01166670
21,LİCE,38.46049830,40.64685730
21,SİLVAN,38.14222220,41.00138890
21,SUR,38.05976060,40.38860400
21,YENİŞEHİR,37.91441000,40.23062900
22,EDİRNE,41.66666670,26.56666670
22,ENEZ,40.72932800,26.08890000
22,HAVSA,41.55000000,26.81666670
22,İPSALA,40.92273530,26.37954950
22,KEŞAN,40.85000000,26.63333330
22,LALAPAŞA,41.83333330,26.73333330
22,MERİÇ,41.18900000,26.41800000
22,SÜLOĞLU(SÜLEOĞLU),41.76666670,26.91666670
22,UZUNKÖPRÜ,41.27125900,26.69972000
23,AĞIN,38.94222220,38.71555560
23,ALACAKAYA,38.45324400,39.85127620
23,ARICAK,38.56666670,40.13333330
23,BASKİL,38.56972220,38.82305560
23,ELAZIĞ,38.68096900,39.22639800
23,KARAKOÇAN,38.95836650,40.03481000
23,KEBAN,38.79392960,38.74193670
23,KOVANCILAR,38.71666670,39.86666670
23,MADEN,38.38972220,39.66861110
23,PALU,38.70547280,39.95252860
23,SİVRİCE,38.44666670,39.31166670
24,ÇAYIRLI,39.80500000,40.04111110
24,ERZİNCAN,39.75000000,39.50000000
24,ILIÇ(İLİÇ),39.45805630,38.56473620
24,KEMAH,39.60277780,39.03555560
24,KEMALİYE,39.26083330,38.49666670
24,OTLUKBELİ,39.97396550,40.02241650
24,REFAHİYE,39.90164870,38.76831420
24,TERCAN,39.77945590,40.38508450
24,ÜZÜMLÜ,39.71000000,39.70166670
25,AŞKALE,39.92025000,40.69236110
25,AZİZİYE(ILICA),39.94583330,41.10527780
25,ÇAT,39.61111110,40.97888890
25,HINIS,39.35667060,41.70294900
25,HORASAN,40.03852100,42.16235000
25,İSPİR,40.48361110,40.99527780
25,KARAÇOBAN,39.35083330,42.11194440
25,KARAYAZI,39.70106060,42.14378900
25,KÖPRÜKÖY,39.97555560,41.87111110
25,NARMAN,40.34505800,41.86719900
25,OLTU,40.54555560,41.99555560
25,OLUR,40.83333330,42.13333330
25,PALANDÖKEN,39.90431890,41.26788530
25,PASİNLER,39.97972220,41.67555560
25,PAZARYOLU,40.41590900,40.76882900
25,ŞENKAYA,40.56666670,42.35000000
25,TEKMAN,39.64500000,41.50833330
25,TORTUM,40.29920110,41.54785080
25,UZUNDERE,40.53638890,41.54833330
25,YAKUTİYE,39.90431890,41.26788530
26,ALPU,39.76055560,30.95805560
26,BEYLİKOVA,39.68694440,31.20555560
26,ÇİFTELER,39.38305560,31.03916670
26,GÜNYÜZÜ,39.38388890,31.81000000
26,HAN,39.15916670,30.86138890
26,İNÖNÜ,39.82122990,30.14449600
26,MAHMUDİYE,39.49732700,30.98891300
26,MİHALGAZİ,40.02638890,30.57777780
26,MİHALIÇÇIK,39.86416670,31.49527780
26,ODUNPAZARI,39.78430200,30.51922000
26,SARICAKAYA,40.04034440,30.61711300
26,SEYİTGAZİ,39.44472220,30.69472220
26,SİVRİHİSAR,39.45000000,31.53777780
26,TEPEBAŞI,39.78430200,30.51922000
27,ARABAN,37.42650420,37.68920620
27,İSLAHİYE,37.02500000,36.63450000
27,KARKAMIŞ,36.83400000,38.00100000
27,NİZİP,37.01666670,37.80000000
27,NURDAĞI,37.17917190,36.73615390
27,OĞUZELİ,36.96574240,37.51347500
27,ŞAHİNBEY,37.06622000,37.38332000
27,ŞEHİTKAMİL,37.06622000,37.38332000
27,YAVUZELİ,37.32017460,37.56677350
28,ALUCRA,40.31666670,38.76666670
28,BULANCAK,40.93520340,38.21259260
28,ÇAMOLUK,40.13333300,38.75000000
28,ÇANAKÇI,40.91301840,39.00433450
28,DERELİ,40.74009460,38.44811740
28,DOĞANKENT,40.80000000,38.91666670
28,ESPİYE,40.94835870,38.70822590
28,EYNESİL,41.06028830,39.14353650
28,GİRESUN,40.91281100,38.38953000
28,GÖRELE,41.03180440,39.00138110
28,GÜCE,40.89347960,38.80598830
28,KEŞAP,40.91666670,38.51666670
28,PİRAZİZ,40.95154920,38.12008370
28,ŞEBİNKARAHİSAR,40.28978750,38.42098940
28,TİREBOLU,41.00510240,38.81410590
28,YAĞLIDERE,40.86162330,38.62549810
29,GÜMÜŞHANE,40.46027780,39.48138890
29,KELKİT,40.12861110,39.43833330
29,KÖSE,40.21036900,39.65073000
29,KÜRTÜN,40.69098660,39.10299130
29,ŞİRAN,40.18944440,39.12666670
29,TORUL,40.55722220,39.29194440
30,ÇUKURCA,37.25055560,43.61666670
30,HAKKARİ,37.58333330,43.73333330
30,ŞEMDİNLİ,37.30283110,44.57486960
30,YÜKSEKOVA,37.56666670,44.28333330
31,ALTINÖZÜ,36.11666670,36.25000000
31,ANTAKYA,36.20015000,36.17618900
31,BELEN,36.49270000,36.19330000
31,DÖRTYOL,36.85603000,36.22232800
31,ERZİN,36.95390000,36.20220000
31,HASSA,36.79940000,36.51780000
31,İSKENDERUN,36.58686300,36.17257100
31,KIRIKHAN,36.49795900,36.36412800
31,KUMLU,36.37173860,36.45537270
31,REYHANLI,36.26718100,36.57366900
31,SAMANDAĞ,36.08239000,35.99932100
31,YAYLADAĞI,35.90250000,36.06060000
32,AKSU,37.79900000,31.07100000
32,ATABEY,37.95236230,30.64587490
32,EĞİRDİR(EĞRİDİR),38.02375670,30.87286150
32,GELENDOST,38.12398900,31.01135100
32,GÖNEN,37.95861100,30.51439100
32,ISPARTA,37.76666670,30.55000000
32,KEÇİBORLU,37.94819940,30.30607060
32,SENİRKENT,38.10540910,30.54805780
32,SÜTÇÜLER,37.48725100,30.98963000
32,ŞARKİKARAAĞAÇ,38.08127200,31.36702830
32,ULUBORLU,38.07890040,30.45592580
32,YALVAÇ,38.29523100,31.18022900
32,YENİŞARBADEMLİ,37.70806910,31.38560880
33,AKDENİZ,36.80000000,34.63333330
33,ANAMUR,36.07515000,32.83853900
33,AYDINCIK,36.14169480,33.31774790
33,BOZYAZI,36.10306320,32.97475120
33,ÇAMLIYAYLA,37.17013900,34.60825000
33,ERDEMLİ,36.60776900,34.31613900
33,GÜLNAR (GÜLPINAR),36.80000000,34.63333330
33,MEZİTLİ,36.80000000,34.63333330
33,MUT,36.64433600,33.43554990
33,SİLİFKE,36.37530140,33.93318740
33,TARSUS,36.91666670,34.90000000
33,TOROSLAR,36.80000000,34.63333330
33,YENİŞEHİR,36.86618590,34.48635670
34,ADALAR,40.87637720,29.09544400
34,ARNAVUTKÖY,41.20000000,28.73333300
34,ATAŞEHİR,40.98333330,29.11666670
34,AVCILAR,41.01534790,28.73146180
34,BAĞCILAR,41.04555560,28.84055560
34,BAHÇELİEVLER,40.99750000,28.85055560
34,BAKIRKÖY,40.96815500,28.82280000
34,BAŞAKŞEHİR,41.07789500,28.81255100
34,BAYRAMPAŞA,41.04815030,28.90045530
34,BEŞİKTAŞ,41.06861600,29.02853550
34,BEYKOZ,41.13271900,29.10569000
34,BEYLİKDÜZÜ,40.99103810,28.64981440
34,BEYOĞLU,41.03828640,28.97033040
34,BÜYÜKÇEKMECE,41.03413300,28.59000300
34,ÇATALCA,41.14823900,28.46773000
34,ÇEKMEKÖY,41.10423500,29.31772720
34,ESENLER,41.07941330,28.85385450
34,ESENYURT,41.03428060,28.68011940
34,EYÜP,41.18715980,28.88298160
34,FATİH,41.01666670,28.93333330
34,GAZİOSMANPAŞA,41.07594770,28.90045530
34,GÜNGÖREN,41.01666670,28.88333330
34,KADIKÖY,40.98014100,29.08227000
34,KAĞITHANE,41.07100000,28.97000000
34,KARTAL,40.89965100,29.19364900
34,KÜÇÜKÇEKMECE,41.00865800,28.77534200
34,MALTEPE,40.94904700,29.17410900
34,PENDİK,40.87932600,29.25813500
34,SANCAKTEPE,41.02870280,29.29018290
34,SARIYER,41.16632800,29.04995000
34,SİLİVRİ,41.08015800,28.26829000
34,SULTANBEYLİ,40.96111230,29.26694380
34,SULTANGAZİ,41.12557940,28.87133140
34,ŞİLE,41.17638890,29.61277780
34,ŞİŞLİ,41.06000000,28.98700000
34,TUZLA,40.84200000,29.29500000
34,ÜMRANİYE,41.03030000,29.10650000
34,ÜSKÜDAR,41.03223600,29.03193800
34,ZEYTİNBURNU,40.99063500,28.89614000
35,ALİAĞA,38.79500000,26.97027780
35,BALÇOVA,38.36929400,27.09344200
35,BAYINDIR,38.22856500,27.64653300
35,BAYRAKLI,38.46222220,27.16666670
35,BERGAMA,39.11666670,27.18333330
35,BEYDAĞ,38.08687390,28.20880130
35,BORNOVA,38.46265480,27.24409570
35,BUCA,38.41885000,27.12872000
35,ÇEŞME,38.32981000,26.31492100
35,ÇİĞLİ,38.49943220,27.03821580
35,DİKİLİ,39.07209700,26.88820300
35,FOÇA,38.66750000,26.75805560
35,GAZİEMİR,38.32515000,27.12252000
35,GÜZELBAHÇE,38.36197610,26.90281250
35,KARABAĞLAR,38.32698820,27.04410090
35,KARABURUN,38.63333330,26.51666670
35,KARŞIYAKA,38.41885000,27.12872000
35,KEMALPAŞA,38.42632300,27.42305200
35,KINIK,39.08837100,27.38069000
35,KİRAZ,38.23060000,28.20440000
35,KONAK,38.41448020,27.14412270
35,MENDERES(CUMAOVASI),38.25400000,27.13400000
35,MENEMEN,38.60000000,27.06666670
35,NARLIDERE,38.39099890,27.00290150
35,ÖDEMİŞ,38.23055560,27.97166670
35,SEFERİHİSAR,38.19892100,26.83733900
35,SELÇUK,37.94988800,27.37014200
35,TİRE,38.08858100,27.73347100
35,TORBALI,38.17784100,27.35334000
35,URLA,38.32457000,26.76190000
36,AKYAKA,40.74444440,43.62500000
36,ARPAÇAY,40.85000000,43.33333330
36,DİGOR,40.37555560,43.41250000
36,KAĞIZMAN,40.15771810,43.13312310
36,KARS,40.59267000,43.07783100
36,SARIKAMIŞ,40.33192100,42.59516900
36,SELİM,40.46333330,42.78583330
36,SUSUZ,40.78000000,43.13527780
37,ABANA,41.97583330,34.01138890
37,AĞLI,41.68736120,33.55346650
37,ARAÇ,41.24222220,33.32833330
37,AZDAVAY,41.64081260,33.29832790
37,BOZKURT,41.96099090,34.01532410
37,CİDE,41.89194100,33.00019200
37,ÇATALZEYTİN,41.95452100,34.21503100
37,DADAY,41.47921280,33.46907000
37,DEVREKANİ,41.60027780,33.83333330
37,DOĞANYURT,42.00414890,33.45984100
37,HANÖNÜ(GÖKÇEAĞAÇ),41.63853220,34.49706750
37,İHSANGAZİ,41.20332030,33.55178340
37,İNEBOLU,41.97472220,33.76083330
37,KASTAMONU,41.38871000,33.78273000
37,KÜRE,41.80477310,33.71068550
37,PINARBAŞI,41.60243920,33.10568160
37,SEYDİLER,41.61936140,33.71546170
37,ŞENPAZAR,41.80694910,33.23254450
37,TAŞKÖPRÜ,41.51388890,34.21472220
37,TOSYA,41.01849130,34.03737390
38,AKKIŞLA,39.00000000,36.16666670
38,BÜNYAN,38.84830000,35.86000000
38,DEVELİ,38.38542900,35.49951900
38,FELAHİYE,39.09136480,35.56852190
38,HACILAR,38.64972220,35.45027780
38,İNCESU,38.62043000,35.18827800
38,KOCASİNAN,38.73333330,35.48333330
38,MELİKGAZİ,38.73333330,35.48333330
38,ÖZVATAN(ÇUKUR),38.73333330,35.48333330
38,PINARBAŞI,38.72200000,36.39100000
38,SARIOĞLAN,39.07939990,35.96525860
38,SARIZ,38.47916670,36.50055560
38,TALAS,38.68602000,35.57791100
38,TOMARZA,38.45000000,35.80000000
38,YAHYALI,38.10000000,35.36083330
38,YEŞİLHİSAR,38.35853170,35.08010680
39,BABAESKİ,41.43333330,27.10000000
39,DEMİRKÖY,41.82300000,27.76230000
39,KIRKLARELİ,41.73333330,27.21666670
39,KOFÇAZ,41.93990500,27.16206300
39,LÜLEBURGAZ,41.40000000,27.35000000
39,PEHLİVANKÖY,41.34805560,26.91972220
39,PINARHİSAR,41.62812820,27.51220860
39,VİZE,41.57361110,27.76527780
40,AKÇAKENT,39.62277780,34.09583330
40,AKPINAR,39.44722220,33.96805560
40,BOZTEPE,39.26972220,34.26111110
40,ÇİÇEKDAĞI,39.60694440,34.40861110
40,KAMAN,39.36711900,33.72934000
40,KIRŞEHİR,39.15000000,34.16666670
40,MUCUR,39.06361110,34.37833330
41,BAŞİSKELE,40.62983680,29.95092600
41,ÇAYIROVA,40.83614210,29.38310260
41,DARICA,40.76958700,29.37003100
41,DERİNCE,40.90211930,29.90465940
41,DİLOVASI,40.77972220,29.53500000
41,GEBZE,40.80000000,29.43333330
41,GÖLCÜK,40.71206030,29.84101740
41,İZMİT,40.77598600,29.94835700
41,KANDIRA,41.07000000,30.15000000
41,KARAMÜRSEL,40.68916670,29.61500000
41,KARTEPE,40.70139170,30.08963130
41,KÖRFEZ(TÜTÜNÇİFTLİK),40.74613000,29.78953000
42,AHIRLI,37.23750000,32.11805560
42,AKÖREN,37.45694440,32.36944440
42,AKŞEHİR,38.35591100,31.41540900
42,ALTINEKİN,38.30777780,32.86861110
42,BEYŞEHİR,37.67638890,31.72611110
42,BOZKIR,37.18777780,32.24805560
42,CİHANBEYLİ,38.65805560,32.92805560
42,ÇELTİK,39.02444440,31.79055560
42,ÇUMRA,37.57125100,32.78443900
42,DERBENT,38.01361110,32.01638890
42,DEREBUCAK,37.39361110,31.50750000
42,DOĞANHİSAR,38.14472220,31.67805560
42,EMİRGAZİ,37.90222220,33.83722220
42,EREĞLİ,37.50583330,34.05166670
42,GÜNEYSINIR,37.26861110,32.73305560
42,HADİM,36.99066900,32.46207000
42,HALKAPINAR,37.43530350,34.18934730
42,HÜYÜK,37.95194440,31.59583330
42,ILGIN,38.27916670,31.91388890
42,KADINHANI,38.23972220,32.21138890
42,KARAPINAR,37.71482100,33.55223800
42,KARATAY,37.86666670,32.48333330
42,KULU,39.08916670,33.08055560
42,MERAM,37.86666670,32.48333330
42,SARAYÖNÜ,38.26611110,32.40638890
42,SELÇUKLU,37.86666670,32.48333330
42,SEYDİŞEHİR,37.42390800,31.85071000
42,TAŞKENT,36.92250150,32.49483840
42,TUZLUKÇU,38.47816800,31.63121000
42,YALIHÜYÜK,37.30361110,32.08694440
42,YUNAK,38.81722220,31.73555560
43,ALTINTAŞ,39.06152280,30.10984720
43,ASLANAPA,39.21904000,29.87431900
43,ÇAVDARHİSAR,39.19777780,29.61583330
43,DOMANİÇ,39.80347100,29.61153000
43,DUMLUPINAR,38.85639730,29.97694410
43,EMET,39.34206240,29.25822820
43,GEDİZ,38.98762170,29.38600540
43,HİSARCIK,39.24692250,29.24079550
43,KÜTAHYA,39.41666670,29.98333330
43,PAZARLAR,38.99710920,29.12452550
43,SİMAV,39.09273900,28.97761000
43,ŞAPHANE,39.02777780,29.22277780
43,TAVŞANLI,39.54439900,29.49157900
44,AKÇADAĞ,38.35000000,37.96666670
44,ARAPKİR(ARAPGİR),39.04668470,38.48782340
44,ARGUVAN,38.77302930,38.27138670
44,BATTALGAZİ,38.42277780,38.36555560
44,DARENDE,38.54720000,37.51110000
44,DOĞANŞEHİR,38.09583330,37.87916670
44,DOĞANYOL,38.31055560,39.03944440
44,HEKİMHAN,38.81666670,37.93333330
44,KALE,38.41611110,38.76666670
44,KULUNCAK,38.88333330,37.66666670
44,MALATYA,38.35519000,38.30946000
44,PÜTÜRGE(PÖTÜRGE),38.19666670,38.86972220
44,YAZIHAN,38.59694440,38.18777780
44,YEŞİLYURT,38.29744890,38.24427270
45,AHMETLİ,38.52150640,27.93954540
45,AKHİSAR,38.92469000,27.83618000
45,ALAŞEHİR,38.35086100,28.51516900
45,DEMİRCİ,39.04500000,28.65805560
45,GÖLMARMARA,38.71666670,27.91666670
45,GÖRDES,38.93277780,28.29027780
45,KIRKAĞAÇ,39.10937900,27.66620100
45,KÖPRÜBAŞI,38.74972220,28.40472220
45,KULA,38.54583330,28.64944440
45,MANİSA,38.61909900,27.42892100
45,SALİHLİ,38.48111110,28.13916670
45,SARIGÖL,38.24027780,28.69888890
45,SARUHANLI,38.73416670,27.56583330
45,SELENDİ,38.74444440,28.86777780
45,SOMA,39.18833330,27.60888890
45,TURGUTLU,38.50423800,27.70442000
46,AFŞİN,38.25000000,36.91666670
46,ANDIRIN,37.57634500,36.35251830
46,ÇAĞLIYANCERİT,37.58333330,36.93333330
46,EKİNÖZÜ,38.06170000,37.19280000
46,ELBİSTAN,38.20266000,37.20616900
46,GÖKSUN,38.01666670,36.50000000
46,KAHRAMANMARAŞ,37.58333330,36.93333330
46,NURHAK,37.96666670,37.43333330
46,PAZARCIK,37.48983490,37.29453030
46,TÜRKOĞLU,37.39140000,36.85220000
47,DARGEÇİT,37.54710400,41.71838230
47,DERİK,37.36583330,40.26972220
47,KIZILTEPE,37.19388890,40.58611110
47,MARDİN,37.31223610,40.73511200
47,MAZIDAĞI,37.48333330,40.48333330
47,MİDYAT(ESTEL),37.31223610,40.73511200
47,NUSAYBİN,37.07568760,41.21452070
47,ÖMERLİ,37.40092490,40.95632600
47,SAVUR,37.53785790,40.88967180
47,YEŞİLLİ,37.34261710,40.82494710
48,BODRUM,37.03533900,27.43029000
48,DALAMAN,36.77187000,28.79770100
48,DATÇA,36.72830000,27.68690000
48,FETHİYE,36.65138890,29.12305560
48,KAVAKLIDERE,37.44694440,28.36333330
48,KÖYCEĞİZ,36.97126000,28.68884100
48,MARMARİS,36.86341100,28.27504000
48,MİLAS,37.31277780,27.78194440
48,MUĞLA,37.21527780,28.36361110
48,ORTACA,36.83777780,28.76611110
48,ULA,37.10277780,28.41666670
48,YATAĞAN,37.34055560,28.14027780
49,BULANIK,39.09500000,42.26666670
49,HASKÖY,38.68638890,41.69361110
49,KORKUT,38.74424820,41.78392870
49,MALAZGİRT,39.15005100,42.55410000
49,MUŞ,38.74329260,41.50648230
49,VARTO,39.16944440,41.45416670
50,ACIGÖL,38.55289060,34.50575250
50,AVANOS,38.71973000,34.85525900
50,DERİNKUYU,38.37345100,34.73947900
50,GÜLŞEHİR,38.74303100,34.62608000
50,HACIBEKTAŞ,38.96744470,34.64140280
50,KOZAKLI,39.21655160,34.84861990
50,NEVŞEHİR,38.62442000,34.72396900
50,ÜRGÜP,38.55201790,34.99475100
51,ALTUNHİSAR,38.00000000,34.36666670
51,BOR,37.88333330,34.55000000
51,ÇAMARDI,37.83202890,34.98648610
51,ÇİFTLİK(ÖZYURT),37.96064540,34.85827780
51,NİĞDE,37.96666670,34.68333330
51,ULUKIŞLA,37.54578810,34.48358550
52,AKKUŞ,40.79305560,37.01638890
52,AYBASTI,40.68215510,37.39433320
52,ÇAMAŞ,40.89899100,37.53002900
52,ÇATALPINAR,41.10604960,37.25166610
52,ÇAYBAŞI,41.01857140,37.09759240
52,FATSA,41.03333330,37.50000000
52,GÖLKÖY,40.68750000,37.61777780
52,GÜLYALI,40.96210930,38.05490150
52,GÜRGENTEPE,40.78833330,37.60166670
52,İKİZCE,41.05833330,37.08027780
52,KABADÜZ(KARADÜZ),40.98333330,37.88333330
52,KABATAŞ,40.75000000,37.45000000
52,KORGAN,40.82472220,37.34666670
52,KUMRU,40.87444440,37.26388890
52,MESUDİYE,40.46294000,37.77082100
52,ORDU,40.98333330,37.88333330
52,PERŞEMBE,41.06555560,37.77138890
52,ULUBEY,40.87101560,37.75762390
52,ÜNYE,41.12783100,37.28718900
53,ARDEŞEN,41.18781140,40.97066910
53,ÇAMLIHEMŞİN,41.04648450,41.00486630
53,ÇAYELİ,41.08945100,40.73648800
53,DEREPAZARI,41.02258490,40.42535550
53,FINDIKLI,40.90740570,40.46646020
53,GÜNEYSU,40.97178750,40.61367490
53,HEMŞİN,41.05000000,40.90000000
53,İKİZDERE,40.78186860,40.55334050
53,İYİDERE,41.01194440,40.36194440
53,KALKANDERE,40.92854790,40.44307980
53,PAZAR,41.18004300,40.89140220
53,RİZE,41.02005000,40.52344900
54,ADAPAZARI,40.78885500,30.40595400
54,AKYAZI,40.68333330,30.62527780
54,ARİFİYE,40.71454100,30.36237500
54,ERENLER,40.75687930,30.37813800
54,FERİZLİ,40.93971900,30.48857350
54,GEYVE,40.51929900,30.30188000
54,HENDEK,40.80509900,30.74930000
54,KARAPÜRÇEK,40.64250000,30.53860000
54,KARASU,41.10361110,30.69361110
54,KAYNARCA,41.03466000,30.31016000
54,KOCAALİ,41.05472220,30.85027780
54,PAMUKOVA,40.50527010,30.16759020
54,SAPANCA,40.69054100,30.26344700
54,SERDİVAN,40.75687930,30.37813800
54,SÖĞÜTLÜ,40.90369930,30.46909750
54,TARAKLI,40.39694440,30.49277780
55,ALAÇAM,41.61691850,35.60541660
55,ASARCIK,41.04181530,36.23020400
55,ATAKUM,41.29278200,36.33128000
55,AYVACIK,40.98704100,36.63142000
55,BAFRA,41.56541800,35.89524100
55,CANİK,41.29278200,36.33128000
55,ÇARŞAMBA,41.19895900,36.72689100
55,HAVZA,40.97044000,35.66260100
55,İLKADIM,41.29278200,36.33128000
55,KAVAK,41.07361110,36.04027780
55,LADİK,40.91055560,35.89194440
55,ONDOKUZMAYIS(BALLICA),41.50000000,36.08333300
55,SALIPAZARI,41.08055250,36.82663280
55,TEKKEKÖY,41.21250000,36.45694440
55,TERME,41.20920900,36.97065000
55,VEZİRKÖPRÜ,41.14508100,35.45726000
55,YAKAKENT,41.63310300,35.53226270
56,AYDINLAR,37.95032620,42.01508890
56,BAYKAN,38.16388890,41.78472220
56,ERUH,37.75000000,42.18333330
56,KURTALAN,37.92662000,41.69475730
56,PERVARİ,37.93095050,42.54653580
56,SİİRT,37.94429000,41.93288000
56,ŞİRVAN,38.06333330,42.02750000
57,AYANCIK,41.94704100,34.59177000
57,BOYABAT,41.46666670,34.76666670
57,DİKMEN,41.65404910,35.26499160
57,DURAĞAN,41.42197640,35.05498290
57,ERFELEK,41.87635690,34.90851520
57,GERZE,41.80041100,35.18718000
57,SARAYDÜZÜ,41.32816180,34.84746330
57,SİNOP,42.02642220,35.15507450
57,TÜRKELİ,41.94861110,34.33666670
58,AKINCILAR,40.08030000,38.34720000
58,ALTINYAYLA,39.27200000,36.75200000
58,DİVRİĞİ,39.36586000,38.12725100
58,DOĞANŞAR,40.21666670,37.53333330
58,GEMEREK,39.18520000,36.07503100
58,GÖLOVA,40.06220000,38.60940000
58,GÜRÜN,38.72250000,37.27750000
58,HAFİK,39.85000000,37.38333330
58,İMRANLI,39.87651050,38.11062530
58,KANGAL,39.23333330,37.38333330
58,KOYULHİSAR,40.30000000,37.83333330
58,SİVAS,39.74766200,37.01787900
58,SUŞEHRİ,40.16228100,38.09574900
58,ŞARKIŞLA,39.35094800,36.41759900
58,ULAŞ,39.44382900,37.04050800
58,YILDIZELİ,39.86666670,36.60000000
58,ZARA,39.89500000,37.75310000
59,ÇERKEZKÖY,41.28333330,28.00000000
59,ÇORLU,41.16746100,27.80559900
59,HAYRABOLU,41.21316840,27.10000140
59,MALKARA,40.89333330,26.90416670
59,MARMARAEREĞLİSİ,40.97000000,27.95500000
59,MURATLI,41.17404900,27.50878900
59,SARAY,41.44254190,27.92197100
59,ŞARKÖY,40.61343000,27.11357000
59,TEKİRDAĞ,40.98333330,27.51666670
60,ALMUS,40.37571970,36.90441040
60,ARTOVA,40.11542600,36.30415520
60,BAŞÇİFTLİK,40.55000000,37.16666700
60,ERBAA,40.66666670,36.56666670
60,NİKSAR,40.59054200,36.95360200
60,PAZAR,40.27768770,36.28762190
60,REŞADİYE,40.20760000,35.68542100
60,SULUSARAY,39.99655870,36.08475900
60,TOKAT,40.31666670,36.55000000
60,TURHAL,40.38546000,36.07432200
60,YEŞİLYURT,40.01037940,36.21634070
60,ZİLE,40.30000000,35.88333330
61,AKÇAABAT,41.01666670,39.58333330
61,ARAKLI,40.93916080,40.05503960
61,ARSİN,40.95329230,39.92555500
61,BEŞİKDÜZÜ,41.04944440,39.23527780
61,ÇARŞIBAŞI,41.08333300,39.38333300
61,ÇAYKARA,40.75207520,40.24492130
61,DERNEKPAZARI,40.80193870,40.24480970
61,DÜZKÖY,40.87590720,39.42722060
61,HAYRAT,40.89023220,40.36762170
61,KÖPRÜBAŞI,40.80815260,40.12259390
61,MAÇKA,40.81666670,39.61666670
61,OF,40.94540460,40.26902800
61,SÜRMENE,40.91273860,40.11097830
61,ŞALPAZARI,40.94185710,39.19107150
61,TONYA,40.88540190,39.29242690
61,TRABZON,41.00000000,39.73333330
61,VAKFIKEBİR,41.04749440,39.27980280
61,YOMRA,40.95428100,39.86514060
62,ÇEMİŞGEZEK,39.06361110,38.91333330
62,HOZAT,39.10888890,39.21916670
62,MAZGİRT,39.02166670,39.60583330
62,NAZIMİYE,39.18111110,39.82888890
62,OVACIK,39.35833330,39.21611110
62,PERTEK,38.86694440,39.32611110
62,PÜLÜMÜR,39.48333330,39.90000000
62,TUNCELİ,39.10798680,39.54016720
63,AKÇAKALE,36.71100000,38.94800000
63,BİRECİK,37.02500000,37.97694440
63,BOZOVA,37.36277780,38.52555560
63,CEYLANPINAR,36.85000000,40.05000000
63,HALFETİ,37.25000000,37.86666670
63,HARRAN,36.86523940,39.02417560
63,HİLVAN,37.58861110,38.95555560
63,SİVEREK,37.75201000,39.33206900
63,SURUÇ,36.97465190,38.42451560
63,ŞANLIURFA,37.15000000,38.80000000
63,VİRANŞEHİR,37.23333330,39.76666670
64,BANAZ,38.73333330,29.75000000
64,EŞME,38.40187100,28.96896000
64,KARAHALLI,38.32582100,29.53051000
64,SİVASLI,38.49870100,29.68178450
64,ULUBEY,38.42292940,29.29308750
64,UŞAK,38.68230100,29.40819000
65,BAHÇESARAY,38.12863630,42.80920960
65,BAŞKALE,38.04600000,44.01500000
65,ÇALDIRAN,39.14194440,43.91388890
65,ÇATAK,38.00658180,43.05855050
65,EDREMİT(GÜMÜŞDERE),38.49416670,43.38000000
65,ERCİŞ,39.02653540,43.35333400
65,GEVAŞ,38.29584830,43.10816000
65,GÜRPINAR,38.32878750,43.41431970
65,MURADİYE,38.99472220,43.76805560
65,ÖZALP,38.65800370,43.99199590
65,SARAY,38.65055560,44.17000000
65,VAN,38.49416670,43.38000000
66,AKDAĞMADENİ,39.66583330,35.88361110
66,AYDINCIK,40.12884320,35.28618240
66,BOĞAZLIYAN,39.19416670,35.24722220
66,ÇANDIR,39.24472220,35.51388890
66,ÇAYIRALAN,39.30277780,35.64388890
66,ÇEKEREK,40.07305560,35.49472220
66,KADIŞEHRİ,39.99849280,35.78992020
66,SARAYKENT,39.69361110,35.51111110
66,SARIKAYA,39.49361110,35.37694440
66,SORGUN,39.81280300,35.18165200
66,ŞEFAATLİ,39.50166670,34.75222220
66,YENİFAKILI,39.21144860,34.99750570
66,YERKÖY,39.63805560,34.46722220
66,YOZGAT,39.82000000,34.80444440
67,ALAPLI,41.18333330,31.38333330
67,ÇAYCUMA,41.43333330,32.08333330
67,DEVREK,41.22520100,31.95970900
67,GÖKÇEBEY,41.30793840,32.14158470
67,KARADENİZEREĞLİ,41.28944440,31.41805560
67,ZONGULDAK,41.45640900,31.79873100
68,AĞAÇÖREN,38.87222220,33.91722220
68,AKSARAY,38.36869000,34.03698000
68,ESKİL,38.40166670,33.41305560
68,GÜLAĞAÇ,38.40000000,34.35000000
68,GÜZELYURT,38.28113860,34.30882550
68,ORTAKÖY,38.73611110,34.04027780
68,SARIYAHŞİ,38.98333330,33.85000000
69,AYDINTEPE,40.39083330,40.15055560
69,BAYBURT,40.25516900,40.22488000
69,DEMİRÖZÜ,40.16388890,39.89250000
70,AYRANCI,37.36194440,33.68361110
70,BAŞYAYLA,36.75472220,32.67888890
70,ERMENEK,36.63888890,32.89250000
70,KARAMAN,37.17593000,33.22874800
70,KAZIMKARABEKİR,37.23027780,32.95888890
70,SARIVELİLER,36.70116540,32.61926720
71,BAHŞİLİ,39.70074270,33.37105710
71,BALIŞEYH,39.91666670,33.71666670
71,ÇELEBİ,39.46419360,33.52520680
71,DELİCE,39.94367120,34.03952170
71,KARAKEÇİLİ,39.59443520,33.37947170
71,KESKİN,39.67305560,33.61361110
71,KIRIKKALE,39.84682100,33.51525100
71,SULAKYURT,40.15750000,33.71750000
71,YAHŞİHAN,39.85027780,33.45361110
72,BATMAN,37.88116800,41.13509000
72,BEŞİRİ,37.92000000,41.29000000
72,GERCÜŞ,37.56487010,41.38798220
72,HASANKEYF,37.71416670,41.41305560
72,KOZLUK,38.19444440,41.49111110
72,SASON,38.33333330,41.41666670
73,BEYTÜŞŞEBAP,37.57094500,43.17116660
73,CİZRE,37.32500000,42.19583330
73,GÜÇLÜKONAK,37.47121870,41.91523390
73,İDİL,37.34166670,41.89027780
73,SİLOPİ,37.24825040,42.47233150
73,ŞIRNAK,37.51638890,42.46111110
73,ULUDERE,37.44974430,42.85272690
74,AMASRA,41.74514250,32.38465870
74,BARTIN,41.63444440,32.33750000
74,KURUCAŞİLE,41.84194740,32.71608290
74,ULUS,41.58610000,32.64060000
75,ARDAHAN,41.11048100,42.70217100
75,ÇILDIR,41.13333300,43.13333300
75,DAMAL,41.34072320,42.84118940
75,GÖLE,40.79352790,42.60872120
75,HANAK,41.23333330,42.85000000
75,POSOF,41.51055560,42.72916670
76,ARALIK,39.87200680,44.51813430
76,IĞDIR,39.91666670,44.03333330
76,KARAKOYUNLU,39.97150940,44.17430700
76,TUZLUCA,40.04534100,43.65589100
77,ALTINOVA,40.69750000,29.51138890
77,ARMUTLU,40.51944440,28.82805560
77,ÇINARCIK,40.64061110,29.10707730
77,ÇİFTLİKKÖY,40.66027780,29.32361110
77,TERMAL,40.60527780,29.17444440
77,YALOVA,40.65000000,29.26666670
78,EFLANİ,41.42305560,32.95611110
78,ESKİPAZAR,40.94305560,32.53055560
78,KARABÜK,41.20000000,32.63333330
78,OVACIK,41.07611110,32.92194440
78,SAFRANBOLU,41.25626000,32.69162000
78,YENİCE,41.20000000,32.32916670
79,ELBEYLİ,36.67420000,37.46580000
79,KİLİS,36.71839900,37.12122000
79,MUSABEYLİ,36.88640000,36.91860000
79,POLATELİ,36.84087740,37.14462010
80,BAHÇE,37.20000000,36.58333330
80,DÜZİÇİ,37.25714370,36.46619140
80,HASANBEYLİ,37.13320090,36.55268510
80,KADİRLİ,37.36983330,36.10000000
80,OSMANİYE,37.06805000,36.26158900
80,SUMBAS,37.44318370,36.03224590
80,TOPRAKKALE,37.06701740,36.14639340
81,AKÇAKOCA,41.08593000,31.12004100
81,CUMAYERİ,40.87387070,30.94905680
81,ÇİLİMLİ,40.89689700,31.04701400
81,DÜZCE,40.84384900,31.15654000
81,GÖLYAKA,40.77657860,30.99572700
81,GÜMÜŞOVA,40.85000000,30.93333330
81,KAYNAŞLI,40.77733670,31.30326690
81,YIĞILCA,40.96593900,31.44241900
